new_username,new_password
load_user_001,LoadTest@001
load_user_002,LoadTest@002
load_user_003,LoadTest@003
load_user_004,LoadTest@004
load_user_005,LoadTest@005
load_user_006,LoadTest@006
load_user_007,LoadTest@007
load_user_008,LoadTest@008
load_user_009,LoadTest@009
load_user_010,LoadTest@010
load_user_011,LoadTest@011
load_user_012,LoadTest@012
load_user_013,LoadTest@013
load_user_014,LoadTest@014
load_user_015,LoadTest@015
load_user_016,LoadTest@016
load_user_017,LoadTest@017
load_user_018,LoadTest@018
load_user_019,LoadTest@019
load_user_020,LoadTest@020
load_user_021,LoadTest@021
load_user_022,LoadTest@022
load_user_023,LoadTest@023
load_user_024,LoadTest@024
load_user_025,LoadTest@025
load_user_026,LoadTest@026
load_user_027,LoadTest@027
load_user_028,LoadTest@028
load_user_029,LoadTest@029
load_user_030,LoadTest@030
load_user_031,LoadTest@031
load_user_032,LoadTest@032
load_user_033,LoadTest@033
load_user_034,LoadTest@034
load_user_035,LoadTest@035
load_user_036,LoadTest@036
load_user_037,LoadTest@037
load_user_038,LoadTest@038
load_user_039,LoadTest@039
load_user_040,LoadTest@040
load_user_041,LoadTest@041
load_user_042,LoadTest@042
load_user_043,LoadTest@043
load_user_044,LoadTest@044
load_user_045,LoadTest@045
load_user_046,LoadTest@046
load_user_047,LoadTest@047
load_user_048,LoadTest@048
load_user_049,LoadTest@049
load_user_050,LoadTest@050
